Phi,NSS,ChiSq,p_av,p_sd,p_sk,p_ku,H_av,H_sd,H_sk,H_ku,S,si_av,si_sd,si_sk,si_ku
9.71e-02,8.7371e-01,50.6,1.68046357615894,0.77130820129734,1.65224091623307,3.72843650235781,0.113064166063777,0.14191404373592,1.64680474819782,3.49955937210035,312,68.290756302521,51.2826849930879,1.32311737298665,1.90041155660984
1.31e-01,8.2775e-01,106.9,3.00827814569536,1.19944703682912,1.62204466388126,3.17184978336998,0.350603817686015,0.224565326185512,1.28455904219668,1.78038554471233,555,211.764705882353,104.005131247231,1.6417947150069,2.89033431958455
9.37e-02,8.6239e-01,104.4,2.17384105960265,1.01213390793197,1.58279809728395,3.00157966975709,0.183774834437087,0.199605757128439,1.55832932687102,2.85649168215365,429,111,43.1373027756292,1.58278504019865,2.89096921894258
2.55e-01,7.5651e-01,108.1,2.53476821192053,1.09201638298671,1.59641433273652,3.05430788984449,0.277182926150593,0.216334752060824,1.33550855158832,1.99115651718527,502,167.418487394958,72.6482349735412,1.42048032451782,2.2801982200505
1.16e-01,8.4357e-01,39.4,2.80629139072848,1.17107530588134,1.65321607240917,3.33022677438686,0.319728421169793,0.207889699485337,1.34569093731164,1.98182419009207,531,193.115966386555,107.668109697881,1.48579502831645,2.39943679681389
6.36e-02,9.0815e-01,73.3,2.11258278145695,0.929950837962968,1.55050717199094,2.83486049079937,0.255061494796595,0.227837469257278,1.27221639806615,1.82883261116658,431,154.057142857143,75.710062352481,1.39737284172494,2.17560473068547
4.25e-01,7.5554e-01,217.0,2.92549668874172,1.12294503338422,1.66632187844149,3.39594178955837,0.453105348099505,0.212937483293471,1.55954882011099,2.75960124551298,554,273.675630252101,147.275779707555,1.23212835939764,1.61265908098062
2.41e-01,7.7732e-01,39.8,1.47019867549669,0.664202424860295,1.67011408198926,3.81934692339481,0.109933774834437,0.181434884777792,1.76786462622028,3.79397962605807,230,66.4,28.0340369353177,1.71926932053721,3.30381162304817
8.67e-02,8.8000e-01,7.6,1.05298013245033,0.223993834772022,4.02308165138448,16.9590219067834,0.0144637987645389,0.071097536806615,5.4294651766938,32.4623684032047,32,8.73613445378151,5.86623626482051,1.25782695613235,1.70064498048881
9.21e-02,8.8819e-01,31.6,2.01655629139073,0.927713879131526,1.64184034107125,3.41820354855563,0.208753965162225,0.219577622533743,1.2583830373346,1.72600786216123,403,126.087394957983,84.701864250437,1.0864424367399,1.21164922560233
2.65e-01,7.6327e-01,136.3,2.56953642384106,1.12473651822472,1.57401951173573,2.98467384036751,0.329926540152484,0.24781875710396,1.18903849200597,1.49734647800768,492,199.275630252101,101.133432092398,1.26768904408666,1.76503845104509
1.87e-01,8.1679e-01,29.0,1.5612582781457,0.707964907870328,1.66484605362856,3.78583904978976,0.0918303745339194,0.150128980467839,2.1200199733336,5.61152968665468,271,55.4655462184874,25.927242857285,1.5960901849277,2.81673079512837
4.01e-01,7.2620e-01,179.4,3.02152317880795,1.24533580053143,1.63398250761447,3.18505737969745,0.414536145584061,0.239772280756546,1.32376340384676,1.89519110263351,541,250.379831932773,115.033996859994,1.41963748627552,2.31391574156805
1.65e-01,7.9794e-01,89.0,2.37417218543046,1.04011993552953,1.56194425330552,2.89078506094822,0.247868551394068,0.215574650351521,1.32870031297411,1.92833922355638,475,149.712605042017,81.938631016619,1.30076700582189,1.8238777161447
3.66e-01,8.2285e-01,104.9,1.91390728476821,0.866525354550792,1.6272533671998,3.46189100263814,0.206238521898827,0.222585822275305,1.26118673164393,1.79332537419817,382,124.568067226891,57.3462429923706,1.45752235635597,2.31137727366476
1.53e-01,8.4630e-01,178.9,2.31456953642384,1.04392898638193,1.64089662982501,3.45729898435612,0.299752351271635,0.226906852236902,1.24281767184857,1.62457619318667,461,181.050420168067,111.073088870581,1.23134276773729,1.56956176855241
1.16e-01,8.7710e-01,122.5,1.82781456953642,0.851656659078814,1.59046616861669,3.21490763450172,0.159777950915466,0.191149957485706,1.45892014255164,2.57345878625827,351,96.5058823529412,53.8308076081984,1.19472768458191,1.52940776623281
3.49e-01,7.1653e-01,182.7,3.19370860927152,1.21001347258333,1.56298346822396,2.84805667415479,0.418773999666091,0.223109093673732,1.34546857998148,1.98177364526064,564,252.939495798319,109.5923525352,1.61606079971973,2.94150502328658
2.08e-01,7.6513e-01,58.8,2.44039735099338,1.1326391152044,1.55720485256313,2.90752657895447,0.269733986309756,0.231020199867407,1.27835287586371,1.79765252748225,468,162.919327731092,60.2631781010774,1.73514561404387,3.56131171576856
6.42e-01,7.3539e-01,208.8,3.01655629139073,1.25534251485909,1.62556406909188,3.17439151058524,0.410843675218431,0.233920503443223,1.34319745043059,1.9376594316741,554,248.149579831933,89.6431551928685,1.71523569678045,3.55919698989232
2.82e-01,8.5491e-01,188.4,2.29304635761589,0.955232015349667,1.64040201555591,3.33697397444175,0.276448327675442,0.199811033784486,1.44515751330963,2.28665233034643,480,166.974789915966,120.198132103167,1.39132509125004,2.15216554224289
1.04e-01,9.3182e-01,210.2,2.38079470198675,0.988692040642689,1.67412814174495,3.38086960004199,0.299635483332405,0.191549580444888,1.42005360131191,2.16998118738905,501,180.979831932773,150.989730620705,1.21302725759792,1.57146212153383
9.62e-02,8.9123e-01,53.6,1.6523178807947,0.766633168802457,1.74001686668688,4.19984082547693,0.122588903110913,0.167578925772841,1.63818264864066,3.26240500817678,303,74.0436974789916,54.7747237276272,1.18199490337414,1.54085914121392
4.55e-01,7.1410e-01,142.7,2.55132450331126,1.07915908855285,1.45962148873918,2.46009877229872,0.311458623184373,0.228392219806809,1.28045531763174,1.73962800008088,496,188.121008403361,66.4699500867072,1.72255060794221,3.48335500495459
4.19e-01,7.5326e-01,166.1,2.53807947019868,1.06891987026565,1.5364633874833,2.76094268534115,0.305178362735823,0.219310758089692,1.28063122427628,1.74893994865212,501,184.327731092437,84.5976646322971,1.5121489886955,2.53575817795058
2.41e-01,7.8799e-01,49.5,1.41225165562914,0.61755410754224,1.69799997606201,3.99397191292412,0.0814013022427513,0.152493695393602,2.16148160390346,5.68453292725853,209,49.1663865546219,23.6618519960756,1.34129083440909,2.00786183449443
1.09e-01,8.6779e-01,71.5,2.20198675496689,0.977696319180861,1.5926536793604,3.01411332230846,0.233340753519952,0.200961139009849,1.39972135066288,2.23103569681399,449,140.93781512605,90.4519994265927,1.25347944908385,1.633564217131
3.14e-01,7.3242e-01,75.0,2.47019867549669,1.10122115853186,1.60347499618644,3.17920982696483,0.287066614725361,0.224039138720193,1.31011479472194,1.86772788206283,485,173.388235294118,72.1539590817547,1.37602213442328,2.17855584482848
5.53e-02,9.1218e-01,46.4,2.1887417218543,1.03136526544956,1.60291602569018,3.20976480791385,0.210142467583061,0.205522908988371,1.42006360280953,2.31080783190166,428,126.926050420168,56.7835155718924,1.74694385926528,3.30944981717979
7.12e-02,9.0110e-01,40.1,1.79635761589404,0.83184943830294,1.67390613007007,3.62074986092066,0.117062719127386,0.145747458176121,1.75266820478866,3.85131343654078,349,70.7058823529412,35.0635804115934,1.45157137860108,2.24246017314734
1.52e-01,8.1216e-01,64.2,1.80132450331126,0.86522107996405,1.76907047485642,4.77125378439733,0.179856975902944,0.203622036090555,1.36900407891162,2.19803151176953,339,108.633613445378,54.9482281579608,1.44809585181052,2.24308486441114
5.52e-01,7.3347e-01,145.7,2.43377483443709,1.13373247584424,1.53309337808947,2.76653784736491,0.308319884245089,0.241968565966931,1.24954384723136,1.6608720473694,469,186.225210084034,66.3709947513489,1.74089584672071,3.63933638924672
2.22e-01,7.8225e-01,58.7,1.56456953642384,0.739699451316053,1.78886315047942,4.49369133779066,0.131779731760254,0.188824822264915,1.57524890797693,3.04027187977292,265,79.5949579831933,34.3303130592503,1.60197235743222,2.93800922476813
2.55e-01,7.9956e-01,105.5,2.2682119205298,0.998798673170311,1.67135966523916,3.47149017807752,0.270154154376983,0.227288250782699,1.28522174740565,1.79964135432503,468,163.173109243697,62.976335021066,1.75114396395852,3.55493543477337
1.89e-01,7.8516e-01,113.5,2.94701986754967,1.18789746625446,1.59947028064731,3.0891768902645,0.304869497467862,0.210753617520934,1.3018208599341,1.85511998756217,540,184.141176470588,89.5422170857564,1.4405172842351,2.32606971616591
4.16e-01,7.8342e-01,187.1,2.40066225165563,1.04615326196282,1.56931716264636,2.96694833744572,0.311213757025989,0.238423829104803,1.13427876638764,1.35819104253169,485,187.973109243697,123.351200256091,1.15117804814764,1.37084640619621
1.40e-01,8.2418e-01,89.2,2.00827814569536,0.951609484702992,1.62785960119677,3.28615878471886,0.161681228782905,0.176293882892297,1.54742253900914,2.8930190996923,395,97.655462184874,57.3717110296273,1.26809574738203,1.70392283322784
5.62e-01,7.4049e-01,163.7,2.43046357615894,1.06267146664635,1.55282307893738,2.92281897475701,0.334796037620346,0.242620817066008,1.24868638998475,1.64857747671986,481,202.216806722689,83.9064207830755,1.49543523578377,2.63143178875387
3.19e-01,7.8625e-01,201.1,3.0182119205298,1.14133626000445,1.54351579134071,2.73794660592175,0.39075908509099,0.199030755088662,1.45250368952471,2.32907970495004,562,236.018487394958,113.98574875273,1.48796687488765,2.44067813436568
3.72e-01,7.4136e-01,101.3,2.0182119205298,0.953209695345998,1.68445463708642,3.63826965757736,0.234142133674662,0.225865197163852,1.26610439238185,1.80972240206957,400,141.421848739496,58.2949197948937,1.59132711187464,2.93151271665632
3.72e-01,7.7086e-01,158.3,2.54801324503311,1.08999636664292,1.63562939677576,3.27907867554419,0.384932383549447,0.240235126075858,1.28917749568604,1.78207679373714,510,232.499159663866,123.046515421108,1.34877664170061,2.01459285026455
2.73e-01,7.6017e-01,137.0,2.18543046357616,0.994381391179938,1.56273949830146,2.90410646574971,0.258670488062776,0.226376139180692,1.25039553588723,1.71197616496997,436,156.236974789916,60.9589693465144,1.6754889049463,3.30615599929975
4.52e-01,7.1789e-01,152.2,2.7682119205298,1.15485562074164,1.59440173870759,3.10885078853569,0.37481217652624,0.240481016894363,1.24780100724023,1.65752959098198,528,226.386554621849,98.788740661103,1.41368593172733,2.36268246108365
7.75e-02,9.2336e-01,33.9,2.00662251655629,0.845687844511157,1.52663109340982,2.66860736745163,0.265646391006734,0.228089001402286,1.14193455189595,1.37856232720601,420,160.450420168067,116.413803272037,1.07694855302525,1.19269569802351
1.01e-01,8.7035e-01,81.6,1.64900662251656,0.738700088769586,1.67221258543104,3.82852057521012,0.135847849073404,0.181261374258147,1.60920650692282,3.24118519507227,309,82.0521008403361,48.9399114482368,1.19215331268505,1.50985244560301
8.77e-02,8.9232e-01,70.5,1.99668874172185,0.900692685500616,1.62261110195149,3.21084814385467,0.242957315376482,0.241016520162775,1.19203376637489,1.52422380987792,405,146.746218487395,81.5048864750673,1.27253535542426,1.77440632033781
2.61e-01,7.5545e-01,109.9,2.84933774834437,1.16324060301194,1.56194874794188,2.84726196002205,0.416264121542657,0.237450251253229,1.35398944764084,1.98004765000243,538,251.423529411765,115.17344808525,1.54911499008972,2.73314641918029
1.65e-01,8.1004e-01,96.5,3.22516556291391,1.21890291259693,1.6188820941571,3.09782869253916,0.50445767711058,0.225606334584644,1.58674096443655,2.8805054760636,564,304.69243697479,152.440894819562,1.39380387021785,2.21586054792764
1.67e-01,8.2515e-01,61.1,1.95033112582781,0.908486418431722,1.65180206300483,3.39610288666631,0.206461127497357,0.215025717232162,1.34172854792519,2.08490531450741,387,124.702521008403,61.6807768185408,1.48073438436911,2.40953416522611
9.12e-02,8.8556e-01,60.6,1.49006622516556,0.66230132264087,1.70055165340388,4.09468069526967,0.0929684456564081,0.15862476194077,2.08524631773774,5.20884823100503,245,56.1529411764706,31.4615166380231,1.52294302352444,2.61746396274801
2.31e-01,8.0643e-01,92.5,2.05794701986755,0.942881884887357,1.52222401650673,2.69600130257663,0.26046524570093,0.237769387956209,1.22228949965595,1.61003987542959,409,157.321008403361,80.6268058870904,1.41521417212649,2.18201221739992
5.19e-01,7.0673e-01,162.9,2.75993377483444,1.24764042020559,1.63674094788175,3.27739280712592,0.345929100116868,0.239629979143365,1.26211803058251,1.69440617091323,512,208.941176470588,81.8311742406738,1.75713579880281,3.54760132250282
3.87e-01,7.4040e-01,37.7,1.3294701986755,0.560031087215975,1.84166915480983,4.7232711233126,0.0766959764038065,0.155947056951333,2.23239605872352,5.92447205004417,172,46.3243697478992,19.977398853177,1.51664176101185,2.58578131502084
2.07e-01,8.3662e-01,131.2,1.80132450331126,0.784956805237288,1.60309913689383,3.2070850435809,0.203706383215539,0.212877268609476,1.24783641390306,1.71168605796427,364,123.038655462185,76.7963159012679,1.28583924755371,1.73496292361859
4.40e-02,9.3075e-01,27.8,1.48841059602649,0.667255516369957,1.63792363565033,3.66597791048905,0.139145194501642,0.207458733917823,1.4869927905723,2.60236219712437,240,84.0436974789916,50.1555373060952,1.15751807087158,1.42406258008645
1.39e-01,8.3685e-01,49.6,1.58940397350993,0.746040525671681,1.68323133838143,3.90986236386584,0.119119038343814,0.17944635043865,1.77688101993589,3.85525181365644,273,71.9478991596639,30.5602417847014,1.51319403693976,2.67288656659429
5.01e-02,9.3371e-01,12.9,2.24668874172185,0.956195705711753,1.57020207525795,2.88783470829427,0.339114586231844,0.247326996526685,1.14988309930451,1.39529947234438,467,204.825210084034,152.750743423895,1.03701217194531,1.10070479906046
1.51e-01,8.4074e-01,42.6,1.28973509933775,0.492150904305878,1.67710386306192,3.84866374041073,0.0812733040235961,0.161996555548881,2.04260374666898,4.97402044010384,164,49.0890756302521,25.4907555822487,1.40244915831919,2.16602711124486
1.94e-01,7.9967e-01,80.4,2.52317880794702,1.12517511270596,1.61035295706513,3.24057911525611,0.346864043630697,0.243367001154528,1.25490427989333,1.66439437721407,487,209.505882352941,104.84402764805,1.29466979309112,1.85778565324647
8.23e-02,9.1443e-01,15.0,1.15066225165563,0.362318086575637,2.18308731181809,5.60801006433185,0.0299014970226501,0.0989928928455574,3.917661220686,17.1605675731947,90,18.0605042016807,12.1280161698593,1.44061932400109,2.47050006754492
1.96e-01,8.1053e-01,96.1,1.99834437086093,0.866023821203637,1.67338779585381,3.56993470722592,0.236012020702321,0.227931870517238,1.22974640113909,1.65213832083944,417,142.551260504202,64.5823971978657,1.4384865773949,2.36271585994467
1.77e-01,8.4576e-01,102.3,1.84602649006623,0.863805364597574,1.57195338930589,3.04745398277312,0.186610273248373,0.198152625796706,1.2959468067966,1.9294441265109,355,112.712605042017,67.4397067223278,1.24184847994157,1.63095502815311
3.61e-02,9.4401e-01,17.8,1.19205298013245,0.418373257538732,2.1243634212784,5.90509894663335,0.0489593188268685,0.123221120879982,2.78370939595343,9.28480424121146,110,29.5714285714286,16.967577301188,1.38902981359792,2.06298058598144
2.85e-02,9.5293e-01,44.4,2.62086092715232,1.03752216310635,1.615433640042,3.16637822804296,0.353820468584785,0.198925504743304,1.53433215459299,2.50781282526358,536,213.70756302521,149.816992652164,1.23735151371343,1.60441909655525
3.52e-01,7.9507e-01,123.9,1.91556291390728,0.890246736957994,1.69338643655262,3.74303635268083,0.231017307585287,0.232341589654482,1.14055843824907,1.40521265118199,380,139.534453781513,82.6721178211723,1.21470159858541,1.55597301563155
1.22e-01,8.3919e-01,31.9,2.8294701986755,1.14179728665551,1.52890755805485,2.70351485133217,0.351257721631699,0.217006253288957,1.3635432693141,1.99742519786218,541,212.159663865546,110.933849862272,1.36477264105124,2.00841287106659
1.93e-01,8.0856e-01,41.9,1.41556291390728,0.631268181967868,1.78271690551923,4.49636331797847,0.0796427180143579,0.146773521686246,2.13820088507954,5.63701137632115,208,48.1042016806723,24.6937388551916,1.45065629559549,2.32995405153481
2.54e-01,7.7679e-01,72.5,1.82450331125828,0.892757235634139,1.69043646584701,3.65028856665561,0.166283599532529,0.199223168348084,1.49817557503037,2.71040742013895,343,100.435294117647,37.4628164967809,1.70913699295772,3.36918321889546
2.17e-01,7.8075e-01,32.8,1.44701986754967,0.639878708189831,1.67286811167356,3.87972074733125,0.0822472035171683,0.150579337162344,2.24149176376258,6.19147496114679,224,49.6773109243697,23.5222063397165,1.80872544331045,3.57405379671796
2.42e-01,7.8654e-01,98.7,1.87251655629139,0.854655903450064,1.57044529062666,3.01526872266525,0.189879792976794,0.208628591006296,1.37990005302006,2.18090246127148,369,114.687394957983,44.0335215214898,1.70076579267245,3.36709658716792
1.50e-01,8.5310e-01,161.2,2.03145695364238,0.863538766813274,1.59605141388876,3.22190247759028,0.275969725638601,0.233591978141746,1.23951441514783,1.65126099590478,423,166.685714285714,96.5363364215769,1.2401754359957,1.62495136026926
2.81e-01,8.0440e-01,132.6,1.93543046357616,0.873147791818051,1.61108088247693,3.18420751519163,0.238674940174746,0.23734474987983,1.14534383157409,1.40183570235043,390,144.159663865546,85.8699606247851,1.1996603076165,1.52758770448601
4.66e-01,7.1823e-01,182.2,2.98509933774834,1.26259606810397,1.66759121493457,3.39056280818797,0.366581334520564,0.235765092024292,1.28694418889407,1.76747720265257,545,221.41512605042,81.4393052737529,1.74071847994902,3.56098306043956
1.14e-01,8.5282e-01,76.2,2.29966887417219,1.05224447416085,1.69724649009359,3.81675654553197,0.23061383493795,0.197151952590533,1.47971203673997,2.52304624822211,460,139.290756302521,81.7906807697096,1.38325513118297,2.03814289650915
2.35e-01,7.9008e-01,83.5,1.97185430463576,0.954703867941052,1.70735389056194,3.60196101189368,0.235010295508933,0.235952434990653,1.26624006563501,1.79912867058878,387,141.946218487395,65.7147423311523,1.47775421881747,2.53528483264087
3.46e-01,7.1577e-01,143.4,2.8841059602649,1.20970647828589,1.56041050195423,2.85726847052416,0.382617285324726,0.226750368882514,1.37241077360747,2.02098549144403,530,231.100840336134,98.9898556009598,1.49126207804853,2.50202461198043
2.65e-01,7.6734e-01,120.9,2.36092715231788,1.05425492411672,1.64128419758593,3.36257927672645,0.304783237798431,0.234234421159943,1.25205894039692,1.65327378289093,469,184.089075630252,87.6567242670497,1.58316606041617,2.71218549100923
4.23e-01,7.4762e-01,202.9,2.97019867549669,1.25641636400253,1.56252415276928,2.87810611755104,0.399963826590239,0.243682401987248,1.29636342721187,1.79328308375722,537,241.578151260504,96.264421518875,1.61436656593731,3.07754778386292
1.66e-01,8.0125e-01,153.3,2.80132450331126,1.19612989366213,1.60758073612891,3.13925728218747,0.415098224720352,0.251174488843545,1.30300427924358,1.83005548804416,518,250.719327731092,123.304760979535,1.35144473223584,2.06508093720965
0.00e+00,1.0000e+00,7.9,1.16721854304636,0.394731292525105,2.31118954778333,6.87073127595439,0.0275168345483889,0.0816406227505402,3.92455622706387,19.2188563566835,96,16.6201680672269,8.15111045517269,1.35669925666435,2.10225539775782
4.45e-01,7.1332e-01,108.0,2.04304635761589,0.994089149051316,1.71698491145189,3.65240525522623,0.253400300517559,0.238476075036757,1.24098751540494,1.67757804506739,403,153.053781512605,63.0194618331018,1.56984138710964,2.84092808127206
5.49e-01,6.8654e-01,243.0,3.47185430463576,1.29218327692203,1.65376947799397,3.39378022581012,0.499565919082865,0.209537970364152,1.58713435510438,2.89683307374265,579,301.73781512605,112.027960939228,1.79390616906286,3.8215294120971
4.34e-01,7.2221e-01,95.3,2.08774834437086,0.926387752399216,1.67548914207216,3.48701438018896,0.264563971283879,0.232945922989817,1.23291611935734,1.64756820389628,432,159.796638655462,64.7988794549514,1.58622607524583,2.97870293481814
2.03e-01,8.1394e-01,80.7,2.84602649006623,1.2373067201903,1.71694325624782,3.65570064804193,0.331070176414936,0.224240825699683,1.30680873232261,1.84018657146038,529,199.966386554622,106.721984911327,1.32938582127633,1.91090850680611
3.38e-01,7.7338e-01,168.6,2.96688741721854,1.13882255066127,1.58173687398243,2.95230118207245,0.459065613000167,0.228422640204237,1.50314842019796,2.51678651363968,545,277.275630252101,132.484765552853,1.47225329064547,2.39433978985803
2.72e-01,8.1259e-01,94.3,1.70198675496689,0.799790551942748,1.77627152142864,4.56314757850913,0.177366575769381,0.224389228563219,1.31507409951396,1.97001365366036,317,107.129411764706,56.9189758096279,1.31235538781267,1.83923802712146
2.11e-02,9.7387e-01,34.3,1.16390728476821,0.396117705280889,2.40769961019366,7.48171077584409,0.0517891924981913,0.134886561258014,2.52506262381325,7.23942802935931,93,31.2806722689076,21.1682387628533,1.28567795430181,1.72604090061103
1.88e-01,8.1738e-01,97.1,2.8841059602649,1.19870751118932,1.58108852223102,2.96604409518712,0.367288107295899,0.235730102171242,1.25842399904512,1.69413342177035,533,221.842016806723,106.833296273077,1.4691767225651,2.37098781931141
3.03e-01,7.7208e-01,101.9,2.5794701986755,1.12995445496884,1.52700908803639,2.72487077083541,0.213411987311482,0.184651662659927,1.46578663534146,2.4824679557739,501,128.900840336134,67.094053507748,1.70200813926021,3.34259688880375
2.74e-02,9.5441e-01,13.1,2.20033112582781,0.972094016941214,1.53712032354538,2.76214695275056,0.227196839000501,0.203850144087589,1.40729986621186,2.19832303433283,446,137.226890756303,90.7895189759193,1.5227147057787,2.49557859868961
5.43e-02,9.2066e-01,48.6,1.8841059602649,0.915184106635011,1.79253676039542,4.41464177329542,0.176676498413936,0.21371718414713,1.41016220665952,2.27930979647941,364,106.712605042017,59.3121050671738,1.17827906833628,1.52215864974985
4.96e-01,7.5939e-01,140.8,2.72516556291391,1.05978371797283,1.56590673266406,2.86356624591381,0.337030441315599,0.210780817198226,1.34250901374251,1.93660631081104,536,203.566386554622,113.835043028923,1.21732139950933,1.58640826995259
1.60e-02,9.7327e-01,28.9,1.40728476821192,0.597744030107857,1.67986221671952,4.02978626274529,0.0759085090990037,0.128641109315568,1.87687407253049,4.33675706346058,213,45.8487394957983,31.8427434989069,1.28291350518583,1.76871264948049
3.62e-01,7.4670e-01,95.0,2.23675496688742,1.00094660473058,1.5493930906248,2.7911393863079,0.271573265067616,0.230276518355918,1.20555293276391,1.56066757591129,453,164.03025210084,74.7343019739469,1.43212384847461,2.36352954646245
9.22e-02,8.7484e-01,41.5,2.49006622516556,1.08033321857837,1.57569868579548,2.97789733822054,0.299065056486171,0.227389505130466,1.26949678976392,1.71932573175022,490,180.635294117647,94.6155765492862,1.34979566617661,2.01248904313925
1.92e-02,9.7055e-01,36.4,1.38741721854305,0.626860635542115,1.90485574459059,5.15988034629402,0.0915409872558294,0.164767149079727,1.91183547992241,4.47443166903995,192,55.290756302521,34.4068758801401,1.15184057577888,1.39838097381466
2.59e-01,7.4669e-01,143.4,2.73344370860927,1.18634925916109,1.7039988728265,3.77146470242751,0.36911069063387,0.236176645825748,1.30071018612606,1.80886908577749,519,222.942857142857,93.501701392356,1.5714969733039,2.83590923626701
1.32e-01,8.5776e-01,61.6,2.08940397350993,0.909089663131944,1.65837898745443,3.3045195690415,0.209215871779176,0.195183371024605,1.37749892078377,2.12268706624006,438,126.366386554622,77.9111336876138,1.22873896181473,1.60389229348736
1.06e-01,8.6850e-01,71.3,1.60430463576159,0.744103540767334,1.85514738893847,5.04560222839891,0.11742723579498,0.159321633202848,1.69171059252512,3.71086452367076,288,70.9260504201681,50.3805142106739,1.29319321415701,1.78425807448637
0.00e+00,1.0000e+00,4.0,1.00993377483444,0.0991720472309401,9.90153568227722,98.8403430635736,0.00143024097056041,0.0178724112513827,15.3570917572786,255.062867684916,6,0.863865546218487,0.903748597863735,1.89459577716725,4.71874098394272
1.59e-01,8.1881e-01,55.7,1.67384105960265,0.787681114190164,1.65670165360507,3.6291613587684,0.141265512827648,0.179395479802102,1.51509649043011,2.83041148683203,304,85.3243697478992,47.7386511946043,1.3030532120123,1.83719003790393
1.03e-01,8.4752e-01,36.7,2.07781456953642,0.962322242321085,1.58297610872335,3.00664430223084,0.180552618398354,0.188848621012014,1.47312399202323,2.59392240068036,413,109.053781512605,38.6150638736889,1.90696732093678,4.37591908560902
2.89e-01,8.2268e-01,154.3,2.01655629139073,0.864910550332408,1.63024480233004,3.35047168134331,0.29201680672269,0.238702636290484,1.19668951332135,1.50870708232207,421,176.378151260504,80.7850339326941,1.45645605221085,2.42435956413374
1.40e-01,8.2290e-01,46.8,1.82119205298013,0.852235802919532,1.70603180819936,3.94170487067614,0.14651065724303,0.175032750545827,1.62502201873517,3.38248097398964,353,88.4924369747899,27.4004451894885,2.03628131579135,5.09648038956965
7.39e-02,9.0435e-01,87.5,2.38576158940397,1.01570250186728,1.64134438745024,3.33905977627709,0.294838332684067,0.214925002082535,1.31218309633406,1.86418890643418,491,178.082352941176,123.837715469137,1.19246830118884,1.46448458021512
1.49e-01,8.5331e-01,265.9,2.64569536423841,0.996831742618124,1.58430634842035,3.04370617354103,0.356168957649284,0.212850527371956,1.3579394162038,1.96882669861033,539,215.126050420168,126.794756049735,1.29080284889612,1.81192836089678
2.83e-01,7.3933e-01,171.9,2.94370860927152,1.18495402760688,1.62730204359899,3.24425326999251,0.358514664143804,0.225104722511776,1.30148999686242,1.82720745830645,545,216.542857142857,100.100366919322,1.42951102251393,2.25516496089177
3.27e-01,7.6063e-01,37.5,1.24337748344371,0.483542922777807,2.12338267642151,6.46086960145746,0.0715482219377817,0.157304058447609,2.22479072553372,5.88929124883635,133,43.2151260504202,20.5397938779126,1.36397236744251,2.09316172224631
3.82e-02,9.3971e-01,10.7,1.66390728476821,0.796071873947307,1.68156152948357,3.74123786096444,0.152660136902443,0.206103149147508,1.47562506113756,2.55560881067511,297,92.2067226890756,47.8045315019024,1.29340941959909,1.87175248035519
1.60e-01,8.3515e-01,117.0,2.76655629139073,1.0933910713513,1.65080303087172,3.35943480962926,0.267925315821693,0.183585158327087,1.40748116350738,2.23633219648672,541,161.826890756303,112.735931278617,1.45956646474212,2.44862034661293
3.91e-01,7.1727e-01,126.3,2.65894039735099,1.13182566714949,1.55510199746999,2.83154346500637,0.340497523512717,0.232630264630734,1.28755127977129,1.74583404365558,515,205.660504201681,87.0288604873635,1.53427796735243,2.70769334801279
2.14e-01,7.7666e-01,102.4,2.27980132450331,1.05456558345111,1.70069548551658,3.72654401578145,0.21529856975903,0.188065724890802,1.43348463371495,2.347996321975,457,130.040336134454,58.5421349651135,1.42233714646611,2.25949103115496
4.33e-01,7.1993e-01,131.4,2.82781456953642,1.23691342726268,1.54588770725476,2.83319527811962,0.347111692359064,0.249377206714397,1.18922068701601,1.48860326781832,516,209.655462184874,89.4132354399795,1.45254789274817,2.47384297591819
1.69e-01,8.1710e-01,72.0,2.03311258278146,0.920100905372255,1.53639381130656,2.78266733954893,0.229709499693918,0.223225277554396,1.25616069967174,1.73399918239216,407,138.744537815126,61.8886933884066,1.57639225960556,2.84137564045235
2.10e-01,8.3893e-01,71.2,2.19370860927152,1.03445293210171,1.64026401156281,3.54041277089989,0.281111914964661,0.253632284916464,1.1442821370089,1.3763934418996,428,169.791596638655,96.3725976429106,1.21912841625044,1.6323738673652
0.00e+00,1.0000e+00,6.8,1.11920529801324,0.334092669023296,2.69837535786869,8.7934457512258,0.0273804886192888,0.0904125895193762,3.92797854970125,18.5673932508012,70,16.5378151260504,12.1904976880268,1.34059094430092,1.86376709769759
1.39e-01,8.4194e-01,68.5,2.13907284768212,0.956260203853888,1.67663781709752,3.47924128489467,0.233805442706885,0.217254417268252,1.29655681813257,1.87687888723404,440,141.218487394958,75.8398755078076,1.41286203154002,2.14464153176352
3.24e-01,7.8114e-01,147.7,2.78476821192053,1.17367641920708,1.61143213605007,3.18487336211836,0.397782291724637,0.230403176608429,1.39287003142429,2.07712761035224,528,240.260504201681,122.9961851007,1.32365031987005,1.90656521856176
3.37e-01,7.8310e-01,106.4,1.95860927152318,0.87644415524609,1.64736500248251,3.22738066104258,0.231212087484001,0.232923449447468,1.19598077774808,1.55904301237802,403,139.652100840336,68.2130496506738,1.41328043962228,2.20461892706941
1.04e-01,8.5283e-01,37.5,2.10099337748344,0.941007811839465,1.58678245292353,3.00580106485768,0.164967443931216,0.170120071375039,1.59682637862639,3.14828107156101,427,99.6403361344538,58.5897434442395,1.6279862997587,3.04136218619431
5.05e-02,9.1802e-01,24.7,2.05629139072848,0.968105691710999,1.60909812295251,3.13975513591321,0.11642272803161,0.138185210967714,1.97125574754018,4.91334809326068,408,70.3193277310924,55.587486164023,1.69626143735965,3.18459572052611
6.85e-02,9.1178e-01,66.9,2.31456953642384,1.02794705399983,1.6127551497872,3.20086369967294,0.290711781401303,0.214268806245053,1.23638713287923,1.62771067504411,466,175.589915966387,127.700752743488,1.11980072199665,1.30576201260877
8.28e-02,8.9063e-01,215.4,2.43543046357616,1.0020523542517,1.58730669031279,2.99909851789755,0.363790416828983,0.234500220829302,1.32132782575633,1.86283378772485,500,219.729411764706,151.295122779834,1.12912342485382,1.32023675510333
1.31e-02,9.7784e-01,9.8,1.39072847682119,0.592150754182699,1.67373362822161,3.87346369714663,0.0859035004730367,0.155539405993119,1.86074774471002,4.07485176548852,203,51.8857142857143,38.4966271265424,1.08574191191354,1.22036709113177
2.81e-01,7.6569e-01,151.9,2.18377483443709,0.99218885841226,1.58610835481806,3.13447508313727,0.213823807668763,0.19133833696438,1.34928652298962,2.06548658495925,434,129.149579831933,77.7369372138271,1.45094503478707,2.36526882016698
4.12e-01,7.1558e-01,157.2,3.12748344370861,1.3192310215184,1.61363120642679,3.15930936098241,0.428051087984863,0.235112018452816,1.37671063827415,2.05792624346278,549,258.542857142857,98.1195262961263,1.76935083551218,3.66327077476547
1.13e-01,8.4183e-01,59.1,2.72350993377483,1.16717392240108,1.55531532894328,2.83159663593545,0.255612443652958,0.197537359775596,1.3479857377665,1.96619815877056,515,154.389915966387,107.414969611463,1.24954900151874,1.61959187447199
2.73e-01,7.5624e-01,100.5,2.12417218543046,1.02589573693792,1.64054271344106,3.28372197134798,0.250230953308477,0.230634664090965,1.25546438976784,1.73641347290554,416,151.139495798319,66.8892402176063,1.40071009362305,2.26480562995907
3.39e-01,7.4634e-01,145.4,2.36423841059603,1.09926793044075,1.65634702840269,3.45282978522533,0.312012354610718,0.244359482849512,1.20776598512754,1.55364156578589,460,188.455462184874,80.5945717227465,1.52960838876467,2.66607160866873
1.42e-01,8.2097e-01,78.2,1.85761589403974,0.857142726613902,1.63680376333044,3.34505521039265,0.190784128220825,0.219773106674633,1.27947868261742,1.82367287233115,366,115.233613445378,71.8180535778861,1.19485829419286,1.48344204766795
2.63e-01,7.5433e-01,88.5,2.86258278145695,1.22852033089084,1.50683743700325,2.63531714380238,0.376156157827369,0.247181603348931,1.27587260058174,1.7200449788938,526,227.198319327731,89.5326483648605,1.68637635700096,3.32144704313916
1.93e-01,8.1965e-01,63.1,1.72019867549669,0.837563456288246,1.7218626686222,3.99961837569749,0.12772274472703,0.172915611512159,1.7351456876638,3.82547827342561,312,77.1445378151261,40.1307017938518,1.45270031811378,2.27954267008437
5.79e-01,7.7430e-01,157.8,2.08443708609272,0.892104540366488,1.59440283917638,2.96646506925665,0.294151037898604,0.244030140972536,1.16879298168221,1.44285582628136,438,177.667226890756,76.1548633485583,1.52704492918112,2.63960192683047
5.00e-01,7.0776e-01,168.0,3.10596026490066,1.21061703866878,1.54833228517611,2.72374907757183,0.410888196338138,0.225658096500492,1.35005817332697,1.98923718820635,553,248.176470588235,100.622520079787,1.4345870677554,2.38852993774707
3.24e-01,7.3003e-01,116.6,2.68708609271523,1.18199746159227,1.63019079081179,3.25656504334631,0.339646057098336,0.236755429493108,1.28547849044127,1.75699221726999,511,205.146218487395,85.9286031461081,1.65653006729744,3.10143324107096
1.17e-01,8.4942e-01,36.8,3.29801324503311,1.25700528159999,1.58700337003281,2.94317006516913,0.429136290277701,0.217119921408049,1.42431612557644,2.22541464072285,567,259.198319327731,142.563425945589,1.18748739498515,1.54202294166529
4.82e-02,9.2281e-01,11.5,2.25827814569536,1.04033601397468,1.52327275353183,2.74048750577453,0.235605765485002,0.205859889354639,1.34943725966562,2.056134702508,444,142.305882352941,58.5700231556788,1.81092368352616,3.71422210604213
4.42e-02,9.2723e-01,27.4,1.37417218543046,0.568833310022004,1.66961220773038,3.95980766190206,0.072978462908342,0.137491379644119,2.27676403040791,6.52815696693436,200,44.0789915966387,24.3633312908593,1.18562888541099,1.51320971908743
1.22e-01,8.4664e-01,89.6,2.17218543046358,0.998419873480711,1.67941214962797,3.51464713612515,0.249966609160221,0.224451709437347,1.24658221437399,1.68470622344668,439,150.979831932773,79.5653291959242,1.26462925672721,1.73958978869444
3.78e-01,7.3890e-01,110.3,2.98509933774834,1.19384867508666,1.55726777310997,2.78473772999814,0.428429517502364,0.236608259997266,1.37468808859164,2.05423571047573,541,258.771428571429,115.117396521954,1.49884909229758,2.64647870626249
9.79e-02,8.7613e-01,68.3,1.69205298013245,0.781323650096252,1.56636504892325,3.19709939961727,0.180605487228004,0.215013914562373,1.33203212754547,2.07946408546213,311,109.085714285714,64.332469272064,1.25970299094372,1.66305783398834
1.73e-02,9.7251e-01,9.7,1.70860927152318,0.810440187590905,1.73834657727126,4.08188167207632,0.188393900606601,0.226992468600186,1.29311736023027,1.90210620983743,317,113.789915966387,68.2044225813605,1.24055844812731,1.64818031480925
1.58e-01,8.2392e-01,62.6,1.5182119205298,0.654580990382764,1.55975745764157,3.31465823605493,0.0675691468640435,0.116691258069428,2.64236912233384,9.04948911104277,262,40.8117647058824,27.1579543309218,1.99706524925976,4.66327106076899
3.12e-01,7.8038e-01,138.6,3.16059602649007,1.19423434519465,1.63122595397792,3.17823445278236,0.488663809894819,0.212190890663276,1.5848077754148,2.87620414903168,572,295.152941176471,145.907874021362,1.24293845041665,1.72593141762626
4.67e-02,9.2335e-01,9.6,2.11092715231788,1.03063013643931,1.64049659000779,3.39154156666589,0.1900606600256,0.204930062191065,1.43998388626333,2.38824990673207,405,114.796638655462,59.6110416887876,1.27412383518447,1.7861757401146
2.90e-02,9.5594e-01,15.6,1.76655629139073,0.791181149339196,1.65448108747643,3.5703965201176,0.127967610885414,0.14975685867453,1.75684821752338,3.9709838855409,348,77.2924369747899,67.0467930911617,1.83676581482478,3.72730879198871
1.28e-01,8.3052e-01,30.1,2.39900662251656,1.09244804078292,1.58021699761189,3.09925252336167,0.205203405865659,0.183681471139773,1.50955628431905,2.69116901330065,471,123.942857142857,50.5358190158371,1.40347984066174,2.26997498772164
2.74e-01,7.7238e-01,78.4,1.6523178807947,0.785829332623444,1.83277032335551,4.9761153746572,0.157746674828872,0.206206919993786,1.39957225308519,2.28946530707445,298,95.2789915966387,54.16749137326,1.26851427243445,1.70830679792234
4.72e-01,7.4084e-01,162.9,2.91225165562914,1.20591075866397,1.53556492297913,2.80183536572352,0.373028549168012,0.226484256566656,1.32862181942027,1.89518615451756,535,225.309243697479,88.867677094662,1.63035002934085,3.07237476935488
2.29e-01,7.9940e-01,114.9,1.69701986754967,0.786427326586909,1.56987747783767,3.1099524486716,0.185494462685737,0.22935697993341,1.2798528624418,1.82746220986737,313,112.038655462185,63.476749014258,1.27897166332645,1.75139857034706
4.12e-02,9.4472e-01,79.0,1.40397350993377,0.594442339224348,1.63693721668198,3.71382840808429,0.0991652290055093,0.157503834295457,1.63455733759233,3.29130977909427,211,59.8957983193277,53.8572582672026,1.26334180418564,1.77018339997637
2.77e-01,7.9878e-01,122.9,2.18211920529801,0.971418440793973,1.72541804565205,3.75537960360284,0.203294562858257,0.180749569589904,1.39859948459777,2.22218995347267,454,122.789915966387,80.9763399358399,1.50557219024584,2.56868177844751
1.95e-01,8.0599e-01,75.3,1.75165562913907,0.806378077122027,1.60679594753055,3.36675381794668,0.190500306082698,0.2151629922425,1.31906813141335,2.0172637281986,333,115.06218487395,48.4188778234286,1.59308952867747,2.89769442322367
1.06e-02,9.8127e-01,19.8,1.35264900662252,0.580998457768586,1.84189824451127,4.80973488562821,0.0833435360899325,0.155072756590719,2.05556692220419,5.50276400292356,182,50.3394957983193,28.1133187685615,1.35108575219133,1.90829513217268
2.43e-01,7.9866e-01,104.3,1.98509933774834,0.925061206172395,1.62886159573551,3.28511996937687,0.220702320663366,0.222618859446965,1.28870064617054,1.8649700098338,393,133.304201680672,55.0861806015833,1.53517880924351,2.67259194332166
2.44e-01,7.6803e-01,185.7,2.60761589403974,1.11135393150512,1.58771940541482,3.05597302494239,0.359861428014915,0.241118443183758,1.25540947112645,1.66398156687606,503,217.356302521008,100.313462185154,1.41675896032319,2.27673576264918
2.18e-01,7.8208e-01,129.4,2.00165562913907,0.999170470817208,1.66953089007231,3.49301517256837,0.208111191496467,0.214613629287532,1.40473991409474,2.29127282255961,381,125.699159663866,49.50136488365,1.78199531058711,3.62092947815404
2.13e-01,7.6703e-01,98.9,2.37086092715232,1.03971400830677,1.58414102202309,3.05130132206731,0.272146474483834,0.226477929606631,1.26218346009869,1.7340909179106,476,164.376470588235,64.4494678034528,1.59432137536223,3.02954165154277
1.83e-01,8.3460e-01,64.7,1.85430463576159,0.835054433673066,1.56496899069075,3.02886287556719,0.218203572819858,0.23192961522201,1.18496505757903,1.52891895973393,367,131.794957983193,65.1571982115541,1.39979101705051,2.17778999447495
5.09e-01,7.4310e-01,212.9,2.82781456953642,1.1723163768667,1.53064823991165,2.68230137985179,0.406088263119818,0.238531997146648,1.34915822311864,1.95578912729074,531,245.27731092437,95.0860136371672,1.67492255348096,3.30381186397973
1.87e-01,8.2396e-01,98.6,1.90894039735099,0.853500507119255,1.65655944507942,3.60648278903926,0.216831765818911,0.208176108661684,1.25902414408494,1.74426119717479,386,130.966386554622,72.6199422541318,1.2965105258871,1.76081306701816
4.25e-01,7.0573e-01,183.1,2.81788079470199,1.08874957700071,1.66531933646771,3.54681613202997,0.352128666035951,0.226818406547294,1.25813147231739,1.69421232204139,543,212.685714285714,92.8246402068535,1.53749656510583,2.70245524679088
1.47e-01,8.5178e-01,37.8,1.40066225165563,0.604946135059484,1.75686243159604,4.45163317404825,0.0547999332183203,0.102002188210447,2.35718740564489,7.00665372108825,207,33.0991596638655,23.2158721994869,1.30587638353524,2.01527881810691
3.47e-01,7.8724e-01,115.7,2.00331125827815,0.866974431403655,1.50985858052248,2.55732734993737,0.185814458233625,0.192596619026131,1.48432163159883,2.52513454095874,413,112.231932773109,67.6464361576856,1.44025971922309,2.26332636746371
1.64e-01,8.2099e-01,43.0,1.81456953642384,0.821111937984773,1.67746180329835,3.54817339864375,0.149326618064445,0.181920094169887,1.5800790692229,3.03621070654194,362,90.1932773109244,29.7672419666527,1.96232107053955,4.61372215548854
3.25e-01,7.2411e-01,260.5,3.22682119205298,1.28021462959499,1.54855145150784,2.77221938544218,0.450742946185097,0.237415405021091,1.39826343691394,2.14242411638867,558,272.248739495798,118.920050726518,1.44000274196385,2.33611011653036
3.59e-01,7.2277e-01,112.8,2.35761589403974,1.0740427486709,1.55400056599148,3.01520716032729,0.221069619900941,0.209649773208947,1.36919999745676,2.12640005537796,457,133.526050420168,48.3885941525964,1.55486879116428,2.78139858559604
3.42e-01,7.3941e-01,130.8,2.38907284768212,1.04815185884323,1.59129013271153,3.10446026958675,0.262997384384218,0.210972519723396,1.33007573816013,1.95401850917884,478,158.850420168067,72.3870280337199,1.56484488853991,2.67068391131224
1.08e-01,8.8924e-01,38.4,1.19701986754967,0.459546702513153,2.43764087446888,7.66007185850181,0.0519338861372363,0.13596729457976,2.69971629495951,8.50487363733858,103,31.3680672268908,18.4972581787122,1.36123587640024,1.95769167628484
5.24e-01,7.4337e-01,164.1,2.71523178807947,1.21457748052895,1.57084865435301,2.91040757504003,0.336089932661806,0.236360145797443,1.2282825998877,1.59111014729059,511,202.998319327731,93.5820585253799,1.4616540711564,2.35783978828194
2.50e-01,8.0257e-01,145.4,2.20529801324503,0.915776953053746,1.5893631903705,2.99406344629684,0.222430296621961,0.197709486906245,1.3673495602094,2.10275982664181,465,134.347899159664,78.5913051926801,1.51878808955142,2.53755001127896
1.88e-01,8.0918e-01,63.5,1.85596026490066,0.865517246726714,1.62956563537689,3.36853856189501,0.172672380210363,0.20348057134649,1.4583341159534,2.48914871306385,361,104.294117647059,47.8867278574525,1.60515559309897,2.8449278501603
2.36e-01,7.9533e-01,124.0,2.43046357615894,1.05170900827048,1.71034369471359,3.76747427783958,0.346363181034003,0.238782520513892,1.24571239024317,1.64811587245779,492,209.203361344538,113.315031921143,1.22882669810287,1.62876532024194
0.00e+00,1.0000e+00,6.0,1.03476821192053,0.200454233970426,6.27809058733553,45.798593338858,0.00522288385552896,0.0367257972063746,9.08462496821427,95.9353667188149,19,3.1546218487395,1.89194435130376,1.43590266839224,2.23563022585719
3.73e-02,9.3902e-01,16.8,2.0182119205298,0.910570439134786,1.68012534518913,3.54523555870332,0.200909900383996,0.210605418630819,1.29713208897983,1.85008618216285,413,121.349579831933,86.8600273345741,1.15040222179545,1.43500086396519
1.82e-01,8.3131e-01,142.8,2.09933774834437,0.961200731476499,1.63563002132732,3.28936232490372,0.22030163058601,0.210126304227904,1.39476938728213,2.18787502357548,424,133.06218487395,56.7629998313001,1.63286843761675,2.9552503089577
1.46e-01,8.4232e-01,42.3,1.25496688741722,0.492888330343016,2.06588384512132,6.12007985761475,0.0642551060159162,0.146427950433788,2.53986785375596,7.66604052633373,139,38.8100840336134,18.4917669391206,1.36346122883254,2.11130127572363
3.87e-01,7.9787e-01,104.1,1.5182119205298,0.664621174868107,1.59405885767848,3.48182020682474,0.15190606043742,0.217803190810753,1.40908111924555,2.26792226541952,259,91.7512605042017,48.3155452227938,1.3964836385213,2.08957291340486
5.62e-02,9.1022e-01,24.2,1.36092715231788,0.577328112653541,1.74721739329013,4.24215883066259,0.0769937113918413,0.140081798416466,1.98493625473441,4.92962836242852,188,46.5042016806723,19.6640156569721,1.59133026372424,2.87655532358002
3.93e-01,7.6002e-01,134.0,2.52483443708609,1.09380213854439,1.5776706508198,3.01250231770342,0.337102788135122,0.234614761218296,1.23014814490128,1.60183020055039,495,203.610084033613,91.2767657486786,1.52960572867581,2.6517890282715
8.81e-02,8.9072e-01,89.8,1.65562913907285,0.744039071963208,1.59014126332746,3.27816183864867,0.166308642662363,0.21187258803412,1.42311282315725,2.29669292744722,308,100.450420168067,59.5990424517709,1.2948439973169,1.79024161917353
2.01e-01,8.1864e-01,23.3,1.26324503311258,0.503537222716217,2.1284094333932,6.74818081727936,0.0582308420056763,0.132150429555374,2.60865631500497,8.49363017899632,143,35.1714285714286,13.2689385367465,1.84260601992898,3.91071277401909
2.91e-01,7.1511e-01,96.8,2.46192052980132,1.09493428103115,1.57308574749238,2.99089284361086,0.247504034726474,0.215414240502607,1.31206521920572,1.92482087674303,485,149.49243697479,58.6023304662704,1.64483911348489,3.1800128078216
2.95e-01,7.7966e-01,118.0,2.25662251655629,0.958772247066347,1.75047009990575,3.95002813897916,0.246221269964941,0.205552291343522,1.37804227472909,2.14538173930442,476,148.717647058824,83.1459642391234,1.66006175297489,3.02436502008529
5.01e-02,9.2468e-01,56.1,1.44867549668874,0.665379616287159,1.81403857752352,4.84253375809338,0.11863487116701,0.192929447016073,1.67715117541164,3.3593700129004,218,71.655462184874,44.4537786532381,1.1699752580375,1.47457178358741
3.82e-01,7.7241e-01,252.7,2.61423841059603,1.09568505716054,1.59529404136437,3.03363871771921,0.355773832711893,0.228215885704737,1.29375446962861,1.78905487391873,515,214.887394957983,91.1361476261649,1.59260682130434,2.81047133632186
1.11e-01,8.5099e-01,76.4,2.19867549668874,0.966456403978118,1.60064826056835,3.06730161304859,0.234837776170071,0.199703324839187,1.34093665426264,1.99914583438052,450,141.842016806723,78.4156898806732,1.22024706751624,1.59960139114168
1.25e-01,8.3505e-01,43.7,2.00993377483444,0.952463169014667,1.56370024217229,3.08117384379201,0.174464355278536,0.194013150126284,1.46685839875884,2.49353593421206,387,105.376470588235,52.6397886158982,1.35869450715494,1.98900318803097
4.92e-01,7.3532e-01,153.0,2.81456953642384,1.23231314024815,1.6079718310574,3.1215468645917,0.360242640102399,0.242959194274787,1.24188700922578,1.62825799578045,529,217.586554621849,95.8844217807576,1.51148506842764,2.61540777540828
1.12e-01,8.6410e-01,21.5,1.37086092715232,0.58248035568996,1.77076433530296,4.50165398916364,0.0744782681284433,0.143804401068901,2.15770018227262,5.59839566232039,194,44.9848739495798,17.8380607090026,1.67142717849429,3.18391070778775
3.23e-01,7.6521e-01,108.9,1.98013245033113,0.934760646315735,1.60852394699351,3.16558951622988,0.244832767544104,0.242499645861252,1.21591266188101,1.61133045387815,388,147.878991596639,70.5550775664778,1.33084318563697,1.95331956398645
5.20e-02,9.2555e-01,16.0,2.09271523178808,0.932141260487431,1.5881449018868,3.12266076476374,0.271667872446993,0.249044740260526,1.1307491228258,1.352030781994,424,164.087394957983,104.082978011302,1.10119855188046,1.28050710878338
3.18e-02,9.7269e-01,85.5,1.47350993377483,0.617858080401329,1.60105025948748,3.69747040637558,0.0861817574712002,0.132570236483231,1.93441540769252,5.03307072673763,249,52.053781512605,53.8145317757014,1.6005945499764,2.87701725180946
1.81e-01,7.7982e-01,38.4,1.56456953642384,0.700616790798503,1.58785500078539,3.37283972644504,0.105665312482609,0.162247764088441,1.81736805908512,4.15104786981875,273,63.8218487394958,24.5003555442007,1.59599967642034,3.05421643946506
1.15e-01,8.5964e-01,36.2,1.36258278145695,0.597448175675039,1.92577631035827,5.37919839813582,0.0959791863765372,0.171650515100927,1.82966015373439,4.08626821536856,185,57.9714285714286,26.9424071181572,1.51553191667479,2.58736214045328
6.69e-02,9.0597e-01,67.6,2.21688741721854,0.939024917279699,1.56686952076925,2.90344518270208,0.267627580833658,0.209168752117112,1.34949261430691,1.98779002184516,460,161.647058823529,85.3460172440209,1.37760949174091,2.00406049179992
1.65e-01,8.5203e-01,110.1,2.06622516556291,0.936167148234186,1.63087806408007,3.21815641043143,0.26325616339251,0.240860238885363,1.19543033962546,1.54822327443163,420,159.006722689076,76.6642354479731,1.46462689313218,2.33859681408516
2.35e-01,7.8801e-01,100.9,2.38741721854305,1.0384530417734,1.59576280622017,3.10163276714919,0.348180199232011,0.245791663529303,1.27026829527518,1.70669669362094,479,210.300840336134,93.1927536186422,1.55258309105342,2.79189852744522
3.16e-01,7.5201e-01,119.9,2.70860927152318,1.11337089714795,1.57231845954437,2.96959744652378,0.326426067115588,0.224941185657382,1.28543986211191,1.75198697500732,520,197.161344537815,86.4927306502406,1.46119811910665,2.39219928413556
2.68e-01,7.8122e-01,87.8,1.78145695364238,0.837008546999171,1.77842175505034,4.42392044312801,0.190308308753966,0.223701949084325,1.31947271293027,1.95526376539535,343,114.946218487395,53.0058230349849,1.38806094806888,2.14910942250578
8.31e-02,8.7608e-01,9.8,2.63079470198675,1.06312922041945,1.53988620833425,2.77598593143181,0.272981245478324,0.234331880205214,1.20681372818882,1.55604321439014,519,164.880672268908,102.331628695535,1.54842412359666,2.9081203333076
1.22e-01,8.6924e-01,16.1,1.12086092715232,0.355135344775866,3.26586103879479,15.0617707393684,0.0284712560520897,0.0970067262049663,3.74553042853263,15.8495249984937,68,17.1966386554622,9.28267504161671,1.33332481454637,1.95344266043449
1.44e-01,8.5349e-01,37.8,1.49172185430464,0.677156365861701,1.66327246149893,3.78647546161339,0.116358728922032,0.181356792628853,1.71238540351656,3.63776061934524,239,70.2806722689076,33.6582959601792,1.45301913893828,2.29657387364779
2.01e-01,7.8637e-01,43.0,1.71026490066225,0.822184496962925,1.74207653977999,4.30858397043588,0.120746841783071,0.176384060510263,1.76513975202653,3.76382845129131,312,72.9310924369748,38.1617119656747,1.27856774179298,1.80169269228031
2.05e-01,7.8679e-01,121.3,2.20529801324503,1.01360206669023,1.56645237511158,2.98543993075718,0.263033557793979,0.230517845254246,1.26167055505007,1.7246580201093,434,158.872268907563,75.1530460022977,1.37936711593113,2.2134992084939
3.78e-02,9.3651e-01,10.4,1.93377483443709,0.955422822886565,1.79265032922026,4.37902987377977,0.158798486281931,0.191698552050309,1.60154493884176,3.07995117146636,370,95.9142857142857,49.6058519957161,1.27155558499201,1.78066424461525
1.67e-01,8.4659e-01,59.2,1.32450331125828,0.546508106908018,1.7603775134651,4.1781843184559,0.0650147476209025,0.125031566043084,2.03754568683078,5.05225180734575,172,39.2689075630252,27.1138581203031,1.26991434189047,1.73714784060071
7.71e-02,9.2954e-01,160.4,1.96688741721854,0.877739560273714,1.67649153834557,3.52417352590125,0.242239412321221,0.228413027079423,1.2327989448764,1.62437258435386,403,146.312605042017,87.1418032561087,1.37113284442648,2.05642824744494
2.34e-01,7.6295e-01,75.9,2.86423841059603,1.23475307185623,1.59632083009788,3.1044629872567,0.391335077077188,0.250321165300953,1.23612350001295,1.63084101127991,529,236.366386554622,124.181015394552,1.20908059564874,1.63923208173012
2.92e-01,7.8195e-01,100.4,1.62748344370861,0.747162152975156,1.69265893194133,3.93503039721857,0.166586899660527,0.205371229526294,1.32441025829875,2.03926080975139,295,100.618487394958,61.2432043445172,1.28205299587254,1.75206342066593
2.06e-01,7.8203e-01,97.4,2.10761589403974,0.984990811541015,1.69316413100661,3.69923700018928,0.22043797651511,0.206343973987661,1.30711072340811,1.90743912286642,420,133.144537815126,73.0501562442365,1.23382542796709,1.64811019151258
1.50e-01,8.0230e-01,162.8,2.97350993377483,1.26306166375898,1.67452737098776,3.63828987760628,0.363050253213868,0.231299669459551,1.33402923498893,1.89691990927862,528,219.282352941176,91.2665186126531,1.64680222557336,3.00125335984201
1.78e-01,8.0411e-01,35.4,1.34933774834437,0.571523082885046,1.78085905116905,4.40963935960121,0.0687517391062384,0.137860026835619,2.288466759958,6.27960953944788,182,41.5260504201681,19.697559726797,1.54145598733192,2.59760103004431
4.34e-01,7.2422e-01,105.1,1.69205298013245,0.781323650096253,1.56406022473989,3.09029969576434,0.17773944014692,0.221999955790432,1.34686033136003,2.09221419009008,312,107.354621848739,41.308598303072,1.65914796497197,3.20789948026245
3.40e-01,7.6146e-01,159.1,2.5546357615894,1.10026864560249,1.54715866202553,2.8016727074816,0.281740775780512,0.197420168394717,1.32667609046463,1.91273690624707,499,170.171428571429,107.604571099413,1.27245582536384,1.7034344320906
5.43e-02,9.1589e-01,10.7,1.71192052980132,0.788865154570207,1.66657981584029,3.62419666450931,0.111288886415493,0.164529102633928,1.91236926148962,4.46092953467696,324,67.218487394958,29.12365975244,1.37154286516287,2.20389332091274
1.37e-01,8.2402e-01,68.1,1.96523178807947,0.922735161388341,1.65267508717353,3.49055361093792,0.168239746229618,0.183175095706052,1.46122358533605,2.53480590535718,387,101.616806722689,34.8715923471841,1.79097712413855,3.83262214977329
2.89e-01,7.7290e-01,162.5,2.29966887417219,1.05066986971355,1.6273819295669,3.4434063494073,0.286473927319272,0.231203051631988,1.30509428486166,1.83068546636913,452,173.03025210084,78.9609567967345,1.4718580485123,2.3517556336529
2.59e-01,7.4151e-01,88.6,2.47019867549669,1.07535884674362,1.54231511863014,2.80339113895441,0.283173799321053,0.22150620756024,1.31303959726387,1.87411995166783,482,171.036974789916,61.5569857807473,1.84679929423498,4.14079258620887
2.91e-01,7.6823e-01,131.6,2.56622516556291,1.09359286449482,1.65470331732926,3.36142858314684,0.363434247871334,0.233585730373189,1.29617045476391,1.80084228493072,513,219.514285714286,92.651135930412,1.6484288646618,3.10137310091536
1.18e-01,8.3919e-01,67.7,2.5364238410596,1.11298676046394,1.55549064534022,2.85415135637167,0.313837720518672,0.228402858110746,1.29723747221397,1.79267441940849,493,189.557983193277,91.8296445203792,1.38138133480225,2.11095041358705
3.23e-01,7.4323e-01,101.7,2.99337748344371,1.21249940939002,1.58511868598201,2.87177535453469,0.403119260949412,0.234564972857865,1.33808968033422,1.9241235309166,541,243.484033613445,110.153999140236,1.36264592596633,2.06539778698157
1.33e-01,8.5820e-01,94.0,1.87417218543046,0.880657759607823,1.60903634626319,3.19134558858502,0.199134620735713,0.215219798969941,1.32121959545437,1.95503765410806,364,120.27731092437,59.6536395544865,1.29393205404585,1.86328898785241
3.63e-01,7.2628e-01,88.2,2.66225165562914,1.17865911702786,1.58500993535,3.00406721188296,0.319956591908287,0.235900804683985,1.28750514798559,1.78326865800762,505,193.253781512605,61.9048155088048,1.97007836682477,4.7906071773651
1.33e-01,8.3054e-01,126.9,2.18046357615894,0.986103333884002,1.68451315109656,3.56542833722346,0.173073070287719,0.174370350947393,1.57921049075508,3.03260385714047,443,104.536134453782,40.3962718370749,1.88548723821852,3.9711229202163
1.29e-01,8.4962e-01,69.4,1.80960264900662,0.82098340384989,1.5946610692155,3.29275252520466,0.141237687127832,0.169319631047045,1.48081398211362,2.67441718448153,353,85.3075630252101,42.8131903802058,1.38464671998358,2.09052267846085
5.64e-02,9.1382e-01,28.2,1.78145695364238,0.877564659492805,1.77359826610431,4.31327542172751,0.163893371918304,0.208468010551391,1.43976763186856,2.47567123152856,330,98.9915966386555,54.0298852563291,1.25273476097301,1.72492260492324
8.67e-02,8.8257e-01,19.8,2.00827814569536,0.949868071417577,1.59841805391869,3.1122970528004,0.234670821971173,0.237108600927995,1.23943130609246,1.69752596748363,393,141.741176470588,69.3572185621881,1.31999974181474,2.00621755849294
3.25e-01,7.2818e-01,54.2,1.6953642384106,0.803497136763617,1.69375127967987,3.74794472071564,0.139509711169236,0.195771948325702,1.58766423304173,2.98578046449548,312,84.2638655462185,31.4491338836595,1.64540594032293,3.17869979374877
2.34e-01,7.6863e-01,118.5,2.52649006622517,1.12950800909801,1.65949621133109,3.43355198078357,0.288891980633314,0.220847609534864,1.36912525055767,2.0710460468789,493,174.490756302521,91.7302283247112,1.43177743271579,2.20525215341927
2.74e-01,7.8003e-01,73.8,1.63576158940397,0.786756639238303,1.72702596149916,4.09696521743762,0.146813957371028,0.205914573475367,1.50728684581419,2.70016084345657,286,88.6756302521008,36.2433047224977,1.61772697385604,3.00618966013726
6.77e-02,9.0481e-01,49.8,1.77483443708609,0.807023682579731,1.57584563015689,3.11955195167695,0.127105014191107,0.160874136647014,1.78046062590845,3.91737583497833,343,76.7714285714286,48.6474353402733,1.21471275342124,1.55700069374818
1.76e-01,8.2844e-01,55.5,1.36754966887417,0.561460921826533,1.67135280940105,3.99956839534364,0.0970449106795033,0.171540679279124,1.85204184058161,4.06702796372025,198,58.6151260504202,32.5918189421656,1.3410812112726,1.89837636861952
9.76e-02,8.5512e-01,59.8,1.82450331125828,0.837250853514577,1.61679443820942,3.34011841689028,0.153375257387724,0.189022156642302,1.5275403924963,2.7523330905012,356,92.6386554621849,51.6674451885311,1.3067999943486,1.7610174075717
4.51e-01,6.9662e-01,143.3,2.65562913907285,1.17814737053587,1.61487123257987,3.1875167082087,0.332197117257499,0.230528851598973,1.31006972006673,1.84160152419958,511,200.647058823529,66.1373396912328,1.89442414444097,4.47285705209271
1.96e-02,9.7220e-01,8.0,1.47516556291391,0.639002072051111,1.57957663652992,3.39961552958488,0.156608603706384,0.221961172859494,1.2959495780723,1.88450373608972,241,94.5915966386555,79.8119823987948,1.02233882001491,1.05576291332235
1.06e-01,8.5727e-01,66.6,2.07450331125828,0.943474758989323,1.67015339388195,3.74194396345474,0.16075463297902,0.181361221499806,1.57912602385773,2.98072611707876,419,97.0957983193277,48.3868782041772,1.36519319352941,2.02595216348044
1.92e-01,8.1795e-01,151.4,2.5364238410596,1.02792038780735,1.57420543788895,2.93750899019256,0.329111247147866,0.221704891843583,1.35274258789419,1.94060109054682,512,198.783193277311,104.344315552513,1.43090241809038,2.14526477284456
3.98e-01,7.2449e-01,124.3,2.94701986754967,1.25169066841876,1.65881753452453,3.53598181583169,0.356469475207302,0.235121058048125,1.28591223664395,1.75750605309657,539,215.30756302521,91.1896418631896,1.50880864151253,2.62842367066779
8.85e-02,8.7973e-01,42.6,2.12417218543046,0.974583529742266,1.49319119478874,2.59327161386156,0.253494907896934,0.229066429778672,1.28333958439774,1.80226085055804,418,153.110924369748,77.1944252677799,1.38067791766128,2.04316523276397
2.54e-01,7.9909e-01,49.7,1.44701986754967,0.61883333375758,1.73639067341969,4.76508115560339,0.0971562134787688,0.170729480956827,1.91321598477943,4.45096857236109,233,58.6823529411765,27.677341541409,1.47227664178965,2.40138423897011
1.64e-02,9.7229e-01,21.4,1.51655629139073,0.669627796543817,1.65927819382785,3.85780011748691,0.111489231454171,0.159156760992414,1.59252202724408,3.15496375340129,258,67.3394957983193,48.2273924368546,1.22431118694012,1.5841216725271
7.61e-02,8.8908e-01,51.9,2.20695364238411,1.00423836473977,1.70329543408617,3.7786817062401,0.248797929767934,0.234112935917369,1.19921316169724,1.58218198939015,444,150.273949579832,91.5597095550907,1.1507993500027,1.39075492801877
1.36e-01,8.4331e-01,78.5,2.66556291390728,1.11019038744396,1.60459824700969,3.11721759237056,0.383769269297123,0.250379005599526,1.26781755705103,1.6870724322412,521,231.796638655462,122.818102799449,1.30486069382076,1.90697537509715
5.64e-02,9.1436e-01,21.9,2.21026490066225,0.9475450657789,1.59187373605971,3.04171565672115,0.291418554176638,0.230545649710961,1.23919885587271,1.63448483308055,460,176.016806722689,101.403908498196,1.21337904516415,1.55788744831906
1.48e-01,8.2522e-01,66.0,2.74668874172185,1.21268364314444,1.6855790946321,3.70559490457324,0.320145806667038,0.21325850147914,1.32256896502827,1.85886759933006,521,193.368067226891,122.887366570575,1.20750172666986,1.50580051209874
3.28e-01,7.1523e-01,44.2,1.45860927152318,0.645880004166088,1.76054769824834,4.703836087364,0.0982386332016248,0.161445832254918,1.93268563094756,4.67556033265576,231,59.3361344537815,24.5600883141476,1.5730586767982,2.75650487294425
2.67e-01,8.1405e-01,164.6,2.07615894039735,0.926519415011676,1.55784482889209,2.85037799895624,0.265195614669709,0.231317287898575,1.1511143080634,1.41850439406219,422,160.178151260504,83.6293655550297,1.42108321945607,2.15287725193427
5.70e-02,9.0970e-01,11.3,2.33278145695364,1.03587225870032,1.71661275406515,3.90973307845443,0.25985308030497,0.212279004156457,1.37770163205954,2.09832142165091,475,156.951260504202,91.1571142215518,1.44221007398303,2.16702453124393
1.68e-01,8.3474e-01,17.0,1.22516556291391,0.483806450141164,2.49878829386041,9.31344880732239,0.0497579164115977,0.124385431177043,2.82648969846564,9.65018676322601,121,30.053781512605,11.416652954862,1.66985879153904,3.3237589781469

